{
    "MSE": 2.755844895374228,
    "Predictions": [
        248.8764171944544,
        222.5483892988489,
        263.724370869185,
        215.78903685375857,
        217.2319918937052,
        223.5157667183317,
        232.34701539020693,
        249.47104234159426,
        213.87685713002043,
        212.1790282279837,
        228.59258220393497,
        225.14656239030654,
        259.9255004709199,
        223.64803475607184,
        241.33173208437475,
        210.97261060508978,
        249.54395289178498,
        250.71029760771265,
        225.1261542480759,
        227.10675868391922
    ]
}