{
    "Error Value": 0.39218684634118123,
    "Predicted Prices": [
        247.4233578802276,
        250.05056838036026,
        245.8456061093242,
        248.7849085563066,
        248.53490828793488,
        247.973515388298,
        251.24770431745972,
        244.5145657319051,
        251.7146939370028,
        252.16643233703715,
        252.3148537091628,
        248.7214519000963,
        246.6189934173296,
        247.8987721072184,
        245.2645750172552,
        251.39099615463388,
        246.50840985916597,
        246.2866695902144,
        251.3321798980987,
        248.6720963246761
    ]
}